Name,Links
Accumulation Distribution Line,http://stockcharts.com/school/doku.php?id=chart_school:technical_indicators:accumulation_distribution_line
Chaikin Oscillator,http://stockcharts.com/school/doku.php?id=chart_school:technical_indicators:chaikin_oscillator
Commodity Channel Index,http://stockcharts.com/school/doku.php?id=chart_school:technical_indicators:commodity_channel_index_cci
MACD,http://stockcharts.com/school/doku.php?id=chart_school:technical_indicators:macd-histogram
Money Flow Index,http://stockcharts.com/school/doku.php?id=chart_school:technical_indicators:money_flow_index_mfi
Rate Of Change,http://stockcharts.com/school/doku.php?id=chart_school:technical_indicators:rate_of_change_roc_and_momentum
Relative Strength Index (RSI),http://stockcharts.com/school/doku.php?id=chart_school:technical_indicators:relative_strength_index_rsi
Stochastic Oscillator Percent K,http://stockcharts.com/school/doku.php?id=chart_school:technical_indicators:stochastic_oscillator_fast_slow_and_full
Stochastic Oscillator Percent D,http://stockcharts.com/school/doku.php?id=chart_school:technical_indicators:stochastic_oscillator_fast_slow_and_full
Stochastic Oscillator Slow Percent D,http://stockcharts.com/school/doku.php?id=chart_school:technical_indicators:stochastic_oscillator_fast_slow_and_full
Williams Percent R,http://stockcharts.com/school/doku.php?id=chart_school:technical_indicators:williams_r